URL,Content
https://www.youtube.com/shorts/rlAKY-Fexco,How Fast Can You Render This Scene in D5 Render? #Shorts - YouTube
https://www.youtube.com/shorts/rlAKY-Fexco,About
https://www.youtube.com/shorts/rlAKY-Fexco,Press
https://www.youtube.com/shorts/rlAKY-Fexco,Copyright
https://www.youtube.com/shorts/rlAKY-Fexco,Contact us
https://www.youtube.com/shorts/rlAKY-Fexco,Creator
https://www.youtube.com/shorts/rlAKY-Fexco,Advertise
https://www.youtube.com/shorts/rlAKY-Fexco,Developers
https://www.youtube.com/shorts/rlAKY-Fexco,Terms
https://www.youtube.com/shorts/rlAKY-Fexco,Privacy
https://www.youtube.com/shorts/rlAKY-Fexco,Policy & Safety
https://www.youtube.com/shorts/rlAKY-Fexco,How YouTube works
https://www.youtube.com/shorts/rlAKY-Fexco,Test new features
https://www.youtube.com/shorts/rlAKY-Fexco,Â© 2025 Google LLC
